taps,beta,cutoff,delay,gain_db,null_lufs,null_rms,null_peak,esr,mae,mse,mrstft
33,6.0,0.5,47.49997836621604,8.179520360863174e-05,-inf,-96.49343464715389,-59.35259693937343,2.2421080361918188e-10,1.3873871304240371e-07,1.3995849641626314e-11,1.3828065736893072e-05
33,6.0,0.6,47.49997836621604,3.510685284274266e-05,-inf,-97.11740215548059,-60.48420060576382,1.9420472158753981e-10,1.3870787584242096e-07,1.212278819378251e-11,1.225791422704174e-05
33,6.0,0.7,47.50002163378396,-1.764027703538887e-05,-inf,-97.74159844350204,-61.71911881326581,1.6820548580595697e-10,1.3824073530675718e-07,1.0499845012979009e-11,1.0887759681068527e-05
33,6.0,0.75,47.50002163378396,-4.098872515415662e-05,-inf,-98.04496395796312,-62.36114325931693,1.568568915157244e-10,1.3818596681897977e-07,9.791434817011425e-12,1.043060706265983e-05
33,6.0,0.8,47.50002163378396,-6.280968519052246e-05,-inf,-98.33779953903449,-62.72623472883191,1.4662905853545934e-10,1.3788115827878102e-07,9.152985597612571e-12,1.0027804498633947e-05
33,6.0,0.85,47.50002163378396,-8.0975559524588e-05,-inf,-98.61635418594584,-63.09311955094465,1.3751959396674467e-10,1.3818501659978357e-07,8.584347983539342e-12,9.625747979935278e-06
33,6.0,0.9,47.50002163378396,-9.528145696678608e-05,-inf,-98.87766628277564,-63.46224274467913,1.2948914751469937e-10,1.378873604550718e-07,8.083065622102135e-12,9.284605522977406e-06
33,6.0,0.95,47.50002163378396,-0.00010366951703394986,-inf,-99.1182516640284,-63.83308400899104,1.2251092913162192e-10,1.3807085010324255e-07,7.647466205484062e-12,8.914677107180905e-06
33,8.0,0.5,47.50002163378396,1.6211671734681775e-05,-inf,-96.2803569426667,-58.919768784601914,2.3548557325010905e-10,1.3755619089743092e-07,1.469965150108734e-11,1.4443055785788748e-05
33,8.0,0.6,47.49997836621604,1.7465574395313878e-05,-inf,-96.8424860932854,-59.80241741747881,2.0689566476395954e-10,1.385399873188254e-07,1.2914991466954304e-11,1.3168730900668339e-05
33,8.0,0.7,47.49997836621604,1.4676816713469436e-05,-inf,-97.40078230932352,-60.71470798216954,1.8193730992672806e-10,1.381512251137749e-07,1.1357022912515012e-11,1.1954347771216357e-05
33,8.0,0.75,47.50002163378396,1.184686534015169e-05,-inf,-97.672624394769,-61.172632878219815,1.7089822834132076e-10,1.379506798038299e-07,1.0667933343426164e-11,1.1424682206516021e-05
33,8.0,0.8,47.50002163378396,9.06301651710028e-06,-inf,-97.93588494205407,-61.63745572426015,1.6084645950015098e-10,1.381220477623823e-07,1.0040474527604139e-11,1.0877634380350425e-05
33,8.0,0.85,47.50002163378396,5.657850656324486e-06,-inf,-98.18796522169077,-62.09934441124494,1.5177613100476403e-10,1.3738514377954014e-07,9.474279893927112e-12,1.0317906567957283e-05
33,8.0,0.9,47.49997836621604,1.8486735995203199e-06,-inf,-98.42548201538052,-62.56022220019359,1.4369835563690042e-10,1.3817958587235022e-07,8.970043132528789e-12,9.911370842902218e-06
33,8.0,0.95,47.50002163378396,-1.5179472388141369e-06,-inf,-98.64599545873101,-62.99234564795047,1.3658419712860352e-10,1.3791372040089168e-07,8.525957962672588e-12,9.461657627241984e-06
33,10.0,0.5,47.49997836621604,-7.471413195120018e-07,-inf,-96.0767303764628,-58.39088436914179,2.4678966153062143e-10,1.382499673222511e-07,1.5405283510588716e-11,1.5299864814977396e-05
33,10.0,0.6,47.50002163378396,9.462916562587111e-07,-inf,-96.59620609550699,-59.202060269329166,2.1896736411355776e-10,1.378713428311865e-07,1.366853985217333e-11,1.4069285899197595e-05
33,10.0,0.7,47.50002163378396,2.025750569104257e-06,-inf,-97.10733185639106,-60.03013371112871,1.9465556056361577e-10,1.3846439140760266e-07,1.2150930791819226e-11,1.2852615414528103e-05
33,10.0,0.75,47.49997836621604,2.5804862253542512e-06,-inf,-97.35519014512347,-60.450232420964795,1.8385734546994417e-10,1.3796996462028372e-07,1.1476876765833667e-11,1.230383275735202e-05
33,10.0,0.8,47.50002163378396,2.34484364709862e-06,-inf,-97.59493868048743,-60.85596552142506,1.7398272630767558e-10,1.3755903641225995e-07,1.0860476115942727e-11,1.1770469972845547e-05
33,10.0,0.85,47.50002163378396,2.609263592153193e-06,-inf,-97.82457894411297,-61.261621022709164,1.6502209852960934e-10,1.3826050597585268e-07,1.0301129300124678e-11,1.1313608564315198e-05
33,10.0,0.9,47.50002163378396,2.673373250685791e-06,-inf,-98.04191537545462,-61.657915868687695,1.569670377577457e-10,1.3789140418299944e-07,9.798310445736876e-12,1.0823950492944063e-05
33,10.0,0.95,47.50002163378396,2.2255136588884697e-06,-inf,-98.24466192589244,-62.04087208209809,1.4980758653828837e-10,1.37572407086026e-07,9.351397981365732e-12,1.0420223154714593e-05
33,12.0,0.5,47.50002163378396,-2.355684804013014e-06,-inf,-95.88699638201359,-57.86815629085972,2.578103579169464e-10,1.377795104595321e-07,1.6093225425426143e-11,1.618984850268128e-05
33,12.0,0.6,47.49997836621604,-1.1724673930056827e-06,-inf,-96.37241474004533,-58.641791453865096,2.3054649604681094e-10,1.3823135829768834e-07,1.4391340836347229e-11,1.4899298133293105e-05
33,12.0,0.7,47.50002163378396,-9.534949488015584e-07,-inf,-96.84719097879173,-59.41161854592383,2.0667164779557414e-10,1.377558838920204e-07,1.2901007717036435e-11,1.3727067645280844e-05
33,12.0,0.75,47.50002163378396,-8.85607960113024e-07,-inf,-97.07674423815577,-59.796840840915536,1.9603137050323432e-10,1.3822791762073362e-07,1.2236812599205554e-11,1.3211131699073001e-05
33,12.0,0.8,47.49997836621604,-1.44136852840832e-06,-inf,-97.29885018653412,-60.18352748520998,1.8625801975708673e-10,1.38267236283938e-07,1.1626733399943206e-11,1.2674427704970772e-05
33,12.0,0.85,47.49997836621604,-9.698516609481543e-07,-inf,-97.51166817078303,-60.55832006932653,1.7735081269160568e-10,1.3846140068813248e-07,1.1070721250648902e-11,1.220072293266934e-05
33,12.0,0.9,47.50002163378396,-4.7369280250017587e-07,-inf,-97.7135578088196,-60.917682157712676,1.6929503406186845e-10,1.3779177113425823e-07,1.0567857585615489e-11,1.1721162030162628e-05
33,12.0,0.95,47.50002163378396,-9.975403079843164e-07,-inf,-97.90276168308593,-61.2702089328733,1.6207791144829817e-10,1.379027447413536e-07,1.0117345115590744e-11,1.1294554372210817e-05
33,14.0,0.5,47.49997836621604,-1.1971699202362882e-06,-inf,-95.70932569890861,-57.40059082952161,2.685761414177201e-10,1.381729135880418e-07,1.676525498296277e-11,1.704547670874708e-05
33,14.0,0.6,47.50002163378396,-1.609498168405188e-06,-inf,-96.16717511187167,-58.12408335852561,2.4170324929760047e-10,1.3744922997807385e-07,1.508777579160474e-11,1.5743377892631505e-05
33,14.0,0.7,47.49997836621604,-1.818763429104564e-06,-inf,-96.6127413367852,-58.85800127434001,2.181352572278639e-10,1.3820104980795686e-07,1.3616597471744088e-11,1.4573720603136273e-05
33,14.0,0.75,47.49997836621604,-1.1844078429299853e-06,-inf,-96.82794286730254,-59.21995045638796,2.0758965793365577e-10,1.3758655600738452e-07,1.2958312412683045e-11,1.4033698495338535e-05
33,14.0,0.8,47.50002163378396,-7.190485197420458e-07,-inf,-97.03612072280491,-59.57231930010008,1.9787363306389038e-10,1.3712149950164752e-07,1.235181165091554e-11,1.3467598604374658e-05
33,14.0,0.85,47.49997836621604,-1.2919464461192152e-06,-inf,-97.23560374898084,-59.928546296877826,1.8899034816784317e-10,1.3856408817091378e-07,1.179729278865778e-11,1.301977879690843e-05
33,14.0,0.9,47.50002163378396,-1.1655860091378469e-06,-inf,-97.42537627116859,-60.26515944212167,1.8090991637663612e-10,1.383456974525821e-07,1.1292890206071989e-11,1.25074867014883e-05
33,14.0,0.95,47.50002163378396,-9.236899114761849e-07,-inf,-97.60390558799588,-60.59576553879009,1.7362387358755592e-10,1.3711234314383177e-07,1.0838075550790598e-11,1.2142768526628885e-05
65,6.0,0.5,63.49997836621604,0.00023259560676105144,-inf,-97.02615307785743,-61.31362054896118,1.983283013409041e-10,1.4517367097380333e-07,1.2380235078287865e-11,1.128643820270769e-05
65,6.0,0.6,63.49997836621604,0.00029474426976918827,-inf,-97.82782600403658,-62.406004888354914,1.6489876369524824e-10,1.4207232187747595e-07,1.0293465152797983e-11,1.001955349294791e-05
65,6.0,0.7,63.49997836621604,0.0001533550460658303,-inf,-98.78563046952641,-64.22503406719473,1.3226256872140089e-10,1.405831608287714e-07,8.256218007003286e-12,8.348633822449271e-06
65,6.0,0.75,63.49997836621604,3.3002017032366376e-05,-inf,-99.28546735831353,-65.42740509584452,1.178835658106592e-10,1.3950538717465473e-07,7.358638412851572e-12,7.460762537195148e-06
65,6.0,0.8,63.50002163378396,-9.074826091735804e-05,-inf,-99.76063653134483,-66.14469483480272,1.0566626262475389e-10,1.3890481199463028e-07,6.595998464636436e-12,7.000962671515384e-06
65,6.0,0.85,63.50002163378396,-0.00019605973849623286,-inf,-100.1948591981643,-66.47038329227782,9.56123692832226e-11,1.3895029380498063e-07,5.968404913042198e-12,6.777531411967827e-06
65,6.0,0.9,63.50002163378396,-0.0002659611051200445,-inf,-100.59066785777347,-66.87743899008498,8.728371332291276e-11,1.3851473865383328e-07,5.448505745965769e-12,6.523033014037345e-06
65,6.0,0.95,63.50002163378396,-0.00028670420783281675,-inf,-100.96313319353217,-67.41912709816269,8.010999057598605e-11,1.3840646455342466e-07,5.000700902214522e-12,6.159987627070594e-06
65,8.0,0.5,63.50002163378396,1.4491309618287998e-05,-inf,-96.98851834915075,-61.4624684150718,2.0005442643367092e-10,1.425773280719226e-07,1.2487984876367628e-11,1.106249818247521e-05
65,8.0,0.6,63.49997836621604,3.3194493860645874e-05,-inf,-97.78750356415605,-62.705342866077245,1.6643690974070792e-10,1.4113323732317273e-07,1.0389480746632961e-11,9.748797631662192e-06
65,8.0,0.7,63.49997836621604,2.754005313112532e-05,-inf,-98.65273094003257,-64.12293075605658,1.3637253261783457e-10,1.3941846401918323e-07,8.512774024763274e-12,8.485869814711293e-06
65,8.0,0.75,63.49997836621604,1.6869448382092635e-05,-inf,-99.09858192369362,-64.8996716245876,1.2306705488518372e-10,1.389276522169519e-07,7.682207025270858e-12,7.861166206567885e-06
65,8.0,0.8,63.50002163378396,1.480236814638843e-06,-inf,-99.54217086518648,-65.69877363675947,1.1111761557239734e-10,1.3780439049280082e-07,6.936287926756809e-12,7.239998526944244e-06
65,8.0,0.85,63.50002163378396,-1.2622968294166635e-05,-inf,-99.97146491853516,-66.52029763094669,1.0065920780496238e-10,1.386793827988121e-07,6.283443396601331e-12,6.747795782285219e-06
65,8.0,0.9,63.50002163378396,-2.5549592556205013e-05,-inf,-100.37382722107142,-67.19384950112519,9.17523672166841e-11,1.3817940214525219e-07,5.727452246865312e-12,6.332003691112272e-06
65,8.0,0.95,63.50002163378396,-3.323110531077923e-05,-inf,-100.73487109466453,-67.83062568354009,8.443313025991926e-11,1.3807716709633655e-07,5.27056397874726e-12,5.887203249086169e-06
65,10.0,0.5,63.50002163378396,-3.0622261003177893e-06,-inf,-96.92200156375549,-61.176509603691656,2.0314205599690573e-10,1.4132511947730496e-07,1.2680723782358723e-11,1.146094849032927e-05
65,10.0,0.6,63.50002163378396,5.074526508110193e-07,-inf,-97.69201465663585,-62.40266304549759,1.701369074083435e-10,1.390066736631329e-07,1.0620445468282588e-11,1.0096424783016334e-05
65,10.0,0.7,63.50002163378396,2.541164540516163e-06,-inf,-98.51239006416998,-63.7302994135042,1.4085134342087734e-10,1.3845233118396831e-07,8.792354549771323e-12,8.80423663466115e-06
65,10.0,0.75,63.50002163378396,3.569522586025006e-06,-inf,-98.93007300233393,-64.42565831316105,1.2793597986951904e-10,1.3834721729998723e-07,7.98613962327667e-12,8.209970855153319e-06
65,10.0,0.8,63.50002163378396,1.924455068011585e-06,-inf,-99.34255334824627,-65.13304698327805,1.1634418057642704e-10,1.3849376351126163e-07,7.262545465213803e-12,7.644975552522689e-06
65,10.0,0.85,63.50002163378396,4.6791400799237797e-07,-inf,-99.74069615943426,-65.84183758500745,1.0615253846144465e-10,1.3790296626315114e-07,6.626353230599841e-12,7.145272234905603e-06
65,10.0,0.9,63.50002163378396,-2.1344090930479722e-06,-inf,-100.11280086374796,-66.53582991397785,9.743610474745326e-11,1.381152603942991e-07,6.082247837199434e-12,6.698571033036009e-06
65,10.0,0.95,63.49997836621604,-2.8660228271819766e-06,-inf,-100.4481396776115,-67.20734280923408,9.019574128902739e-11,1.3830565079996989e-07,5.630283084506469e-12,6.319792976735517e-06
65,12.0,0.5,63.49997836621604,-1.9273030238519104e-06,-inf,-96.85704196933332,-60.89080639480616,2.0620339105640012e-10,1.4017965304543041e-07,1.2871821308196947e-11,1.1804915679957318e-05
65,12.0,0.6,63.49997836621604,-2.121358910855991e-06,-inf,-97.5998500079229,-62.074345721363684,1.7378608481297553e-10,1.380310423371003e-07,1.0848237839851714e-11,1.0451873322074368e-05
65,12.0,0.7,63.50002163378396,-1.5002708866641254e-06,-inf,-98.38129257105663,-63.33285445084388,1.4516794964720842e-10,1.386778605705399e-07,9.061809788691166e-12,9.212898899848329e-06
65,12.0,0.75,63.50002163378396,-9.638920384309334e-07,-inf,-98.77561570401951,-63.98822490935855,1.3256791614581729e-10,1.3830248704374108e-07,8.275278690069023e-12,8.622297884706537e-06
65,12.0,0.8,63.50002163378396,-7.208594690146905e-07,-inf,-99.1634167571593,-64.65041858426942,1.212434607481818e-10,1.3797669702054164e-07,7.568372923174331e-12,8.010666105611854e-06
65,12.0,0.85,63.50002163378396,-7.844440762468018e-07,-inf,-99.53605083861208,-65.309787335523,1.1127431158577341e-10,1.385278420832584e-07,6.946069352142446e-12,7.546910386920316e-06
65,12.0,0.9,63.50002163378396,-3.649098904071073e-07,-inf,-99.88484706998693,-65.95363530980218,1.0268695906389109e-10,1.3765723389895524e-07,6.410021585876903e-12,7.099504207900017e-06
65,12.0,0.95,63.50002163378396,-7.220895912700448e-07,-inf,-100.1997901148506,-66.5659694934177,9.550387398671364e-11,1.382409573797449e-07,5.9616323179733746e-12,6.6846225426116715e-06
65,14.0,0.5,63.49997836621604,-2.1546599478443305e-06,-inf,-96.79342474912494,-60.626628890825714,2.0924617365629043e-10,1.403357734641331e-07,1.3061760735016395e-11,1.2128754367496883e-05
65,14.0,0.6,63.50002163378396,-1.831301683033428e-06,-inf,-97.51115158638785,-61.7589575958263,1.773719094623792e-10,1.3872653225888317e-07,1.1072075546366577e-11,1.0772039856719461e-05
65,14.0,0.7,63.50002163378396,-1.8336200058269705e-06,-inf,-98.25877479208307,-62.96790015663039,1.4932156080102188e-10,1.3793491861439166e-07,9.321090396452836e-12,9.506677892602177e-06
65,14.0,0.75,63.50002163378396,-9.225299064141467e-07,-inf,-98.63316259291707,-63.59055632545902,1.3698838343635324e-10,1.3860229088305176e-07,8.5512172416661e-12,8.952289758188441e-06
65,14.0,0.8,63.49997836621604,-2.0325723185962193e-06,-inf,-99.00007572611975,-64.22613498596328,1.2589034606275524e-10,1.3842327662638768e-07,7.858445152842532e-12,8.39440863905226e-06
65,14.0,0.85,63.49997836621604,-5.325916980439484e-07,-inf,-99.3523011565012,-64.84949965315518,1.1608333706834599e-10,1.3782912790557377e-07,7.246262847317843e-12,7.863075797023903e-06
65,14.0,0.9,63.50002163378396,-1.1747197749022967e-06,-inf,-99.68172208528551,-65.44729589197652,1.0760384531024307e-10,1.377286778443277e-07,6.716948066724462e-12,7.425124527773057e-06
65,14.0,0.95,63.50002163378396,-1.603641794081339e-06,-inf,-99.9806336799096,-66.02552323004983,1.0044692172896972e-10,1.3605567382122506e-07,6.270191876234004e-12,7.052426029564065e-06
129,6.0,0.5,95.50002163378396,-2.0529663279056722e-05,-inf,-97.23471063893474,-63.088676321631596,1.890292173089944e-10,1.527397975485823e-07,1.1802169388865431e-11,9.473582929602733e-06
129,6.0,0.6,95.50002163378396,-0.0006532767851675533,-inf,-97.99358578075801,-63.74605794519378,1.5872356959124785e-10,1.5161700454627962e-07,9.9100153986203e-12,8.945612223253593e-06
129,6.0,0.7,95.49997836621604,0.00017443220518131644,-inf,-99.21656410590434,-66.22981081387579,1.197687699845598e-10,1.4770559154934328e-07,7.477845652522723e-12,6.9340599191007345e-06
129,6.0,0.75,95.49997836621604,0.0005795986934091351,-inf,-99.6528864601092,-66.3306947647773,1.0832067408580027e-10,1.469507030077346e-07,6.763075899462402e-12,6.852540908951222e-06
129,6.0,0.8,95.49997836621604,0.000590461632271334,-inf,-100.25749114326088,-67.21243177186354,9.424338697858758e-11,1.457027966239668e-07,5.8841507822757144e-12,6.292285952503129e-06
129,6.0,0.85,95.49997836621604,0.00020470364881525107,-inf,-101.11336902907188,-69.14502148881826,7.738612438816364e-11,1.4269415873790309e-07,4.831655980905655e-12,5.294297846492454e-06
129,6.0,0.9,95.50002163378396,-0.00031440901591402723,-inf,-101.72879356910227,-69.81679760560783,6.71615395713816e-11,1.4080993138250988e-07,4.193276985021501e-12,4.988854652992666e-06
129,6.0,0.95,95.50002163378396,-0.0006157255922217687,-inf,-102.06308127239855,-69.66954574278789,6.218589264325142e-11,1.3912251255513287e-07,3.88261904176298e-12,5.071861541911514e-06
129,8.0,0.5,95.49997836621604,1.0543377060934288e-05,-inf,-97.21031107644357,-62.85588224937983,1.90094211436842e-10,1.503355415013264e-07,1.1868663030821629e-11,9.658420969317802e-06
129,8.0,0.6,95.50002163378396,-9.300221587555443e-05,-inf,-98.11333877389025,-64.4003502268125,1.5440669336568953e-10,1.4886639786708888e-07,9.640488257948056e-12,8.406973010506221e-06
129,8.0,0.7,95.50002163378396,9.310333911008646e-06,-inf,-99.17084569101799,-66.23887234770989,1.210362419688851e-10,1.4525610485670391e-07,7.556981138917907e-12,6.915559234550921e-06
129,8.0,0.75,95.49997836621604,7.185465624242696e-05,-inf,-99.75130199192533,-67.09637612865107,1.0589362140999533e-10,1.4474511576279884e-07,6.611541193857999e-12,6.388266322625025e-06
129,8.0,0.8,95.49997836621604,8.545551853623423e-05,-inf,-100.36353758719463,-68.07380491396681,9.197001160401621e-11,1.4363641849117123e-07,5.742211024829075e-12,5.841580532271202e-06
129,8.0,0.85,95.49997836621604,3.878453106351464e-05,-inf,-100.99737037339605,-69.21611632372718,7.948093412653055e-11,1.4225033911139402e-07,4.962446869857162e-12,5.296272258203332e-06
129,8.0,0.9,95.50002163378396,-3.3075392071867794e-05,-inf,-101.61880928790829,-70.23633416199056,6.888411311255597e-11,1.3983733194910327e-07,4.300827050599381e-12,4.843306638449784e-06
129,8.0,0.95,95.50002163378396,-8.262525049744301e-05,-inf,-102.18066892677133,-70.94737483880905,6.052476436513812e-11,1.4000020426941416e-07,3.778905353508743e-12,4.553050654401945e-06
129,10.0,0.5,95.50002163378396,3.0089157527711296e-06,-inf,-97.18785983886336,-62.68405939019095,1.9107946476859444e-10,1.4947763797814112e-07,1.1930178001246959e-11,9.883994424772545e-06
129,10.0,0.6,95.49997836621604,-1.3109428252148442e-05,-inf,-98.08356151011044,-64.25806467304886,1.554690157027103e-10,1.4691406619639008e-07,9.70681508480361e-12,8.473110769011508e-06
129,10.0,0.7,95.50002163378396,-2.382871965509272e-06,-inf,-99.11683673407758,-65.994919074503,1.225508496535242e-10,1.443053681475991e-07,7.651546712992986e-12,7.133514230958042e-06
129,10.0,0.75,95.50002163378396,6.50046174038536e-06,-inf,-99.68255384552242,-66.93235284702429,1.07583239008857e-10,1.4340719949806531e-07,6.7170336324770356e-12,6.530209631796692e-06
129,10.0,0.8,95.50002163378396,9.330834630768709e-06,-inf,-100.2732414573961,-67.91354029186606,9.390221880011738e-11,1.404449750756429e-07,5.8628497120511354e-12,5.921540604554419e-06
129,10.0,0.85,95.50002163378396,5.742981103259304e-06,-inf,-100.87263564965112,-68.92320434702937,8.179682282939251e-11,1.4089602212026843e-07,5.107040976239448e-12,5.4502630131607894e-06
129,10.0,0.9,95.50002163378396,-3.4095485528612356e-06,-inf,-101.45675605425463,-69.92000513189657,7.150302156965794e-11,1.3971342607690602e-07,4.464340404062222e-12,4.967580040174588e-06
129,10.0,0.95,95.50002163378396,-1.0568536544119863e-05,-inf,-101.9871298704902,-70.77734909577399,6.328299326321945e-11,1.3898056621461568e-07,3.951117274670152e-12,4.607112926731492e-06
129,12.0,0.5,95.50002163378396,-2.1952257132493876e-08,-inf,-97.16682203817618,-62.532223997050764,1.92007324561427e-10,1.481983726425117e-07,1.1988109566536293e-11,1.0087274122717423e-05
129,12.0,0.6,95.50002163378396,-2.4654432115859976e-06,-inf,-98.0525737365685,-64.04333734049098,1.565822849724165e-10,1.457589673287007e-07,9.776322818494396e-12,8.616251039626763e-06
129,12.0,0.7,95.50002163378396,-1.8699045220646724e-06,-inf,-99.06656648763484,-65.75641906868543,1.239776360712824e-10,1.4253039567627658e-07,7.740629105777742e-12,7.295037741254436e-06
129,12.0,0.75,95.49997836621604,-3.521180464978628e-07,-inf,-99.61650890259612,-66.69331570801087,1.0923180488232692e-10,1.434044559976868e-07,6.8199629783441895e-12,6.682537335063617e-06
129,12.0,0.8,95.49997836621604,1.5396155567408953e-07,-inf,-100.18644189258211,-67.65196230621109,9.579786069055444e-11,1.4143023459914443e-07,5.981205419227323e-12,6.089967993917023e-06
129,12.0,0.85,95.50002163378396,-6.905268527459896e-07,-inf,-100.76035966210695,-68.607248377502,8.393904693004361e-11,1.40056435626868e-07,5.240792213559897e-12,5.582489962539092e-06
129,12.0,0.9,95.49997836621604,-8.959728112262777e-07,-inf,-101.31429676947944,-69.56177430772429,7.388738953237719e-11,1.4002332832470223e-07,4.6132100602032445e-12,5.170384796804109e-06
129,12.0,0.95,95.49997836621604,-2.892939320823491e-06,-inf,-101.81557720523288,-70.40911380640816,6.583279281229343e-11,1.388240847160491e-07,4.110315765857006e-12,4.764171200918883e-06
129,14.0,0.5,95.50002163378396,-6.634765799481843e-07,-inf,-97.146818225616,-62.39121157611255,1.928937594399416e-10,1.4565238799030297e-07,1.2043454738766078e-11,1.0207442198584785e-05
129,14.0,0.6,95.49997836621604,-1.9618013037747867e-06,-inf,-98.02281272487872,-63.878593026328915,1.5765898545036588e-10,1.4505486371697348e-07,9.843547354482708e-12,8.782688608581472e-06
129,14.0,0.7,95.49997836621604,-2.2506562073367015e-06,-inf,-99.01818073844453,-65.55165600230166,1.2536662263127077e-10,1.4328596297036015e-07,7.827351438405527e-12,7.402433912045384e-06
129,14.0,0.75,95.49997836621604,-1.56086048888888e-06,-inf,-99.5547329699943,-66.4533411714832,1.1079666876433439e-10,1.4145066419305918e-07,6.9176663327191895e-12,6.890056829132202e-06
129,14.0,0.8,95.50002163378396,-1.6283670527051726e-06,-inf,-100.10638574707662,-67.37171162607201,9.758013739935588e-11,1.405769447084465e-07,6.0924830932004426e-12,6.252486671571479e-06
129,14.0,0.85,95.49997836621604,-1.2662659139534232e-06,-inf,-100.65844355516032,-68.32382737033672,8.593214339538725e-11,1.3909239042233666e-07,5.36523256424856e-12,5.710416739565587e-06
129,14.0,0.9,95.50002163378396,-9.789315929198893e-07,-inf,-101.18750040851282,-69.22256824500228,7.607640103661004e-11,1.3790081007478598e-07,4.749882501294191e-12,5.294280222523275e-06
129,14.0,0.95,95.49997836621604,-1.9899634793693637e-06,-inf,-101.66495950041477,-70.06823431658638,6.815599304984096e-11,1.373018593883438e-07,4.25536637294368e-12,4.862937515641808e-06
257,6.0,0.5,159.49997836621606,0.0010556326889097965,-inf,-97.14193679175305,-63.12917135064389,1.9311069231408454e-10,1.685794535540494e-07,1.2040500367812623e-11,9.682521013735298e-06
257,6.0,0.6,159.50002163378394,-0.0011173940281138614,-inf,-98.028992047436,-64.76913897135016,1.5743482120009923e-10,1.6454938794144406e-07,9.81610080649094e-12,8.33593992263413e-06
257,6.0,0.7,159.49997836621606,0.0011162866224247111,-inf,-99.11963740530459,-66.60034203228732,1.2247184473693448e-10,1.6219593734113605e-07,7.636150406438155e-12,7.021126290106849e-06
257,6.0,0.75,159.50002163378394,-0.00017005496360232312,-inf,-100.06713978584519,-68.5355944219253,9.846593777533217e-11,1.5419564962820215e-07,6.139376053153073e-12,5.8005674665363924e-06
257,6.0,0.8,159.50002163378394,-0.0010659371837557854,-inf,-100.46461220433797,-68.69690801846136,8.985428227984788e-11,1.5597110654460868e-07,5.602437161171836e-12,5.797092774988922e-06
257,6.0,0.85,159.49997836621606,0.00040219847429761923,-inf,-101.575062127725,-70.54850463382206,6.9581500069151e-11,1.4690112648703593e-07,4.338424077590353e-12,4.791941912104079e-06
257,6.0,0.9,159.49997836621606,0.0009591506191925142,-inf,-102.07124997603107,-70.79780409611479,6.206903628974175e-11,1.487043415236985e-07,3.870020066319772e-12,4.860242711119671e-06
257,6.0,0.95,159.50002163378394,-0.0006134026091229681,-inf,-103.08043295065066,-72.04432728896782,4.919904864238911e-11,1.4375624654126588e-07,3.067573090728917e-12,4.393156148584165e-06
257,8.0,0.5,159.49997836621606,0.00015009678091716932,-inf,-97.28531029336591,-63.52322712635103,1.868396179899776e-10,1.6073287633437286e-07,1.164949730215543e-11,9.131740206864218e-06
257,8.0,0.6,159.50002163378394,-0.00016421910454265048,-inf,-98.22748475665104,-65.29205854612937,1.5040127721972324e-10,1.5855843144083444e-07,9.37755756547245e-12,7.826053643306437e-06
257,8.0,0.7,159.49997836621606,0.00016430900767467385,-inf,-99.36748078128603,-67.24323732232365,1.156783064551072e-10,1.5514491435433745e-07,7.212571581253006e-12,6.475858934016363e-06
257,8.0,0.75,159.50002163378394,-1.550733249873248e-05,-inf,-100.03436161374893,-68.50950763006756,9.92119163953115e-11,1.5141820246475777e-07,6.18588800824271e-12,5.809030818289625e-06
257,8.0,0.8,159.50002163378394,-0.00016175943504564906,-inf,-100.75396867351768,-69.49770048411759,8.406266084276108e-11,1.4909101801185288e-07,5.241328103937157e-12,5.246265195956544e-06
257,8.0,0.85,159.49997836621606,4.870618370326366e-05,-inf,-101.55030709758961,-70.79297431232271,6.997925106414101e-11,1.4593404655891506e-07,4.363223952439777e-12,4.722708830350848e-06
257,8.0,0.9,159.49997836621606,0.00014545931419526013,-inf,-102.36193662833051,-71.73141910177287,5.805054977935904e-11,1.436511075799671e-07,3.61946641894525e-12,4.412943820853969e-06
257,8.0,0.95,159.50002163378394,-8.34839623036565e-05,-inf,-103.13755151453601,-72.68832823029383,4.855621754910891e-11,1.4070411012157222e-07,3.027492409942516e-12,4.0857056799784015e-06
257,10.0,0.5,159.49997836621606,1.8488306980703315e-05,-inf,-97.27820070734103,-63.50378357718172,1.8714573291214208e-10,1.5958599544735867e-07,1.1668583644753798e-11,9.163554984258306e-06
257,10.0,0.6,159.50002163378394,-2.352346341312259e-05,-inf,-98.21825592225983,-65.23810960946382,1.507212224125132e-10,1.5635290586234177e-07,9.397506228932275e-12,7.844025973426882e-06
257,10.0,0.7,159.50002163378394,2.180640663553706e-05,-inf,-99.34867713824502,-67.21407570580304,1.1618024451780052e-10,1.519693916100073e-07,7.243867546049448e-12,6.494610014917368e-06
257,10.0,0.75,159.50002163378394,-8.91841224988171e-07,-inf,-99.99997018189573,-68.3435552430285,1.0000068658958086e-10,1.5000844607745344e-07,6.235068028781259e-12,5.876593386295668e-06
257,10.0,0.8,159.50002163378394,-2.352899300715558e-05,-inf,-100.71196683240966,-69.4852294608934,8.487959853392093e-11,1.479369109809323e-07,5.292264375010599e-12,5.279465612010021e-06
257,10.0,0.85,159.50002163378394,4.118049777466163e-06,-inf,-101.4791005040288,-70.64712372742358,7.113608330347984e-11,1.4573441786262572e-07,4.435352734312726e-12,4.813207320967463e-06
257,10.0,0.9,159.50002163378394,1.945510203801242e-05,-inf,-102.27121632683858,-71.70727776413474,5.927592874708035e-11,1.4212285458114547e-07,3.6958691066201574e-12,4.422277646696244e-06
257,10.0,0.95,159.49997836621606,-1.1209151261724992e-05,-inf,-103.01473302152142,-72.60472791817108,4.994898849388648e-11,1.4030295093631756e-07,3.114332029602717e-12,4.152397938227403e-06
257,12.0,0.5,159.49997836621606,1.493540982674735e-06,-inf,-97.26933489797273,-63.43014459665338,1.8752816768425759e-10,1.5883855478223925e-07,1.1692428549244283e-11,9.293007653136204e-06
257,12.0,0.6,159.50002163378394,-4.206211595862325e-06,-inf,-98.20558312301965,-65.12319480058952,1.5116167224123656e-10,1.5567930069466604e-07,9.424968386833511e-12,7.86612268559555e-06
257,12.0,0.7,159.49997836621606,1.993240918347837e-06,-inf,-99.32651624477053,-67.11711228590856,1.167745965566668e-10,1.5209577865320108e-07,7.280925545566846e-12,6.608700414386178e-06
257,12.0,0.75,159.50002163378394,-9.537870542308505e-07,-inf,-99.96904063183419,-68.20235083886936,1.0071541273297178e-10,1.4954123239687792e-07,6.279631384073812e-12,6.007250686471488e-06
257,12.0,0.8,159.50002163378394,-4.075940693483206e-06,-inf,-100.66846326485802,-69.34605895874968,8.573411585976985e-11,1.4612784613469343e-07,5.345543745784393e-12,5.330901687994561e-06
257,12.0,0.85,159.49997836621606,-1.274048443728428e-06,-inf,-101.41613290254277,-70.47393830174764,7.217498623837621e-11,1.4458438045020814e-07,4.5001285943122146e-12,4.85663987055644e-06
257,12.0,0.9,159.50002163378394,1.513029013285173e-06,-inf,-102.18448521159944,-71.560074634207,6.047160267539524e-11,1.4057985130526273e-07,3.7704196775965395e-12,4.487894235910451e-06
257,12.0,0.95,159.49997836621606,-2.5778100210406707e-06,-inf,-102.9034745467608,-72.45258843100794,5.1245123642991336e-11,1.3999844335477731e-07,3.1951463830314194e-12,4.134585000288053e-06
257,14.0,0.5,159.50002163378394,-1.3619523290210022e-06,-inf,-97.261416059301,-63.34715380830751,1.8787041472076327e-10,1.540801214945806e-07,1.1713767738284251e-11,9.357376641587075e-06
257,14.0,0.6,159.49997836621606,-1.164297430245152e-06,-inf,-98.19394041790405,-65.0389058196802,1.5156745495248314e-10,1.5240350082683588e-07,9.450269041217112e-12,7.97057484734688e-06
257,14.0,0.7,159.50002163378394,-5.508030253142154e-07,-inf,-99.30673160338368,-66.99181684084637,1.1730778638349945e-10,1.4886455791307556e-07,7.314170065738992e-12,6.578350037865915e-06
257,14.0,0.75,159.49997836621606,-1.0793902682159924e-06,-inf,-99.94087918469019,-68.08722021765746,1.0137061505375608e-10,1.471637805803493e-07,6.320483414015087e-12,5.976732530215078e-06
257,14.0,0.8,159.49997836621606,-2.1268581641221085e-06,-inf,-100.62797416637405,-69.20128289534728,8.653714905273719e-11,1.4640168734165335e-07,5.395613067888853e-12,5.4258441501827356e-06
257,14.0,0.85,159.50002163378394,-1.6631927206783244e-06,-inf,-101.35978439694433,-70.33057340729326,7.311753813734476e-11,1.418794790189114e-07,4.558896942922115e-12,4.912022645778108e-06
257,14.0,0.9,159.50002163378394,-2.837765103497674e-07,-inf,-102.10665048594007,-71.40202015552504,6.156515134147494e-11,1.399351007168373e-07,3.838602712716824e-12,4.4927162837892484e-06
257,14.0,0.95,159.49997836621606,-1.0001226788753038e-06,-inf,-102.80333806078353,-72.29596692359904,5.2440423934764635e-11,1.3836623022423246e-07,3.2696736576752027e-12,4.221956194678491e-06
513,6.0,0.5,287.499978366216,-0.00013167325148138347,-inf,-97.32127659619647,-64.01714659724254,1.8529868631697194e-10,1.7497869531177485e-07,1.1541040442244456e-11,8.986587612373881e-06
513,6.0,0.6,287.499978366216,-0.0004731062910235113,-inf,-98.25901051733061,-65.74737728135989,1.4931345618350821e-10,1.7285698933918795e-07,9.29975635897063e-12,7.757361673301202e-06
513,6.0,0.7,287.499978366216,-0.0007188847248884847,-inf,-99.3952163469519,-67.7871138885218,1.1494189828517706e-10,1.7322681946678432e-07,7.158977340769605e-12,6.619333974708291e-06
513,6.0,0.75,287.500021633784,0.0007886348826774672,-inf,-100.0718213403249,-68.9222283698145,9.835985185824693e-11,1.6942795031226794e-07,6.126190372701136e-12,6.040300901076827e-06
513,6.0,0.8,287.499978366216,-0.0008263242817740447,-inf,-100.84000472694963,-70.07492328861065,8.241372180047722e-11,1.679663183165677e-07,5.1330104665079534e-12,5.539724402394249e-06
513,6.0,0.85,287.500021633784,0.0008214159486909605,-inf,-101.70130895979057,-71.21320906568546,6.758792352764062e-11,1.6244944460499177e-07,4.209608682845695e-12,5.145520105791904e-06
513,6.0,0.9,287.499978366216,-0.0007825263137910331,-inf,-102.62616942059232,-72.25721543348125,5.4623944470514934e-11,1.5850634582648923e-07,3.4021674129450474e-12,4.752567763110207e-06
513,6.0,0.95,287.500021633784,0.0007019333627432562,-inf,-103.49770721733643,-73.05912865929488,4.469194732931774e-11,1.5360121104203822e-07,2.783568420382658e-12,4.432147018127472e-06
513,8.0,0.5,287.499978366216,-1.6399374655368727e-05,-inf,-97.31751558551386,-63.989804028892365,1.8545922535642903e-10,1.7146174800052086e-07,1.1551039366596051e-11,9.03244448908984e-06
513,8.0,0.6,287.499978366216,-6.985410814117384e-05,-inf,-98.27954579492385,-65.7939000129839,1.4860910563744524e-10,1.6782603526152124e-07,9.255886980837401e-12,7.6078194525158855e-06
513,8.0,0.7,287.499978366216,-0.00010861057978056715,-inf,-99.46646129770421,-67.9220355425271,1.1307168659693571e-10,1.6365293752124896e-07,7.04249411491106e-12,6.339298385238578e-06
513,8.0,0.75,287.500021633784,0.00011800475799251887,-inf,-100.1728861440374,-69.0944565188672,9.609734423701586e-11,1.6061580853113064e-07,5.9852736048787925e-12,5.723641983394402e-06
513,8.0,0.8,287.499978366216,-0.00012739698342982306,-inf,-100.96865376797108,-70.30517539992873,8.000822271646762e-11,1.5632562237677608e-07,4.983187697851908e-12,5.182790097554868e-06
513,8.0,0.85,287.500021633784,0.0001240845156088258,-inf,-101.85143820361566,-71.471393392586,6.529142986437438e-11,1.5045229377243304e-07,4.066575147261012e-12,4.716216853489451e-06
513,8.0,0.9,287.499978366216,-0.00012161211885993921,-inf,-102.78293159475895,-72.56320743778289,5.268740883672102e-11,1.4642702581565443e-07,3.281553303305696e-12,4.403169627241479e-06
513,8.0,0.95,287.500021633784,0.00010753936113093839,-inf,-103.64594918965913,-73.35656948717661,4.319217569158414e-11,1.407813717196104e-07,2.6901574768446876e-12,4.188430009762715e-06
513,10.0,0.5,287.500021633784,-3.037006742082537e-06,-inf,-97.31296421660406,-63.936346051611196,1.8565368691266732e-10,1.6992710496430547e-07,1.1563151102138357e-11,9.167764076652211e-06
513,10.0,0.6,287.499978366216,-1.0485722886191559e-05,-inf,-98.27284579613504,-65.75205570790337,1.4883854655797535e-10,1.6661645936487446e-07,9.270177351673675e-12,7.683097164498553e-06
513,10.0,0.7,287.50002163378394,-1.6971632936773577e-05,-inf,-99.45520758941757,-67.8707094239384,1.1336506491823933e-10,1.6219179611119558e-07,7.060766727298883e-12,6.36591502868671e-06
513,10.0,0.75,287.500021633784,1.5838589125345343e-05,-inf,-100.1560682690295,-69.05806199729501,9.64701987120003e-11,1.5934481965685286e-07,6.008496265872224e-12,5.8150481178808e-06
513,10.0,0.8,287.500021633784,-1.9863587918759845e-05,-inf,-100.9438384577773,-70.25624973255547,8.046669319536582e-11,1.5427128496894642e-07,5.011742818472074e-12,5.2722627421643575e-06
513,10.0,0.85,287.499978366216,1.665413397109224e-05,-inf,-101.81566422520063,-71.42336459876317,6.583147372804265e-11,1.4970054644482686e-07,4.100210939262903e-12,4.774769526295274e-06
513,10.0,0.9,287.499978366216,-1.986479170306126e-05,-inf,-102.73402313567196,-72.51346950714901,5.3284106349053824e-11,1.463558245025202e-07,3.3187176796890204e-12,4.379475799781174e-06
513,10.0,0.95,287.500021633784,1.5240359653584095e-05,-inf,-103.58775401656276,-73.35157404246281,4.377484312072674e-11,1.4233207422173595e-07,2.7264480113205245e-12,4.201740480190531e-06
513,12.0,0.5,287.499978366216,-1.3098002003744072e-06,-inf,-97.30866238911756,-63.90171589346171,1.8583767400936528e-10,1.6857579297447342e-07,1.157461045226138e-11,9.134466761677943e-06
513,12.0,0.6,287.499978366216,-3.0850549844913935e-06,-inf,-98.26663485389794,-65.70198066507224,1.4905155616122286e-10,1.6630079612043806e-07,9.283444323472173e-12,7.736326802663066e-06
513,12.0,0.7,287.500021633784,-3.3493952295489544e-06,-inf,-99.44406534509488,-67.8115361706534,1.1365628735962955e-10,1.5789281360650524e-07,7.078905064059805e-12,6.380528289398288e-06
513,12.0,0.75,287.500021633784,1.2237501517297157e-06,-inf,-100.13935380052368,-68.98240863092718,9.6842193987777e-11,1.5799684142895852e-07,6.031665412979499e-12,5.787315959585657e-06
513,12.0,0.8,287.499978366216,-4.351094767773657e-06,-inf,-100.91931185074284,-70.17819168702862,8.09224112379085e-11,1.5266408530596142e-07,5.040126507875294e-12,5.227162794659702e-06
513,12.0,0.85,287.500021633784,1.0886973539275933e-06,-inf,-101.7799898058427,-71.37649781540145,6.637446284021796e-11,1.497487304969467e-07,4.134030171486676e-12,4.84070752441525e-06
513,12.0,0.9,287.500021633784,-3.145991454914439e-06,-inf,-102.68744628542451,-72.456021310674,5.3858638603402586e-11,1.4381232097613441e-07,3.354501527457215e-12,4.433162866385465e-06
513,12.0,0.95,287.500021633784,4.5385375747492245e-07,-inf,-103.53151753627859,-73.30040538945178,4.434536627753059e-11,1.4155352519321258e-07,2.7619821586843483e-12,4.223735816399189e-06
513,14.0,0.5,287.500021633784,-1.6493334972260482e-06,-inf,-97.30473810356985,-63.85362127707846,1.8600567284812585e-10,1.6711273927940772e-07,1.1585073998608757e-11,9.207457707324638e-06
513,14.0,0.6,287.499978366216,-1.319428249766454e-06,-inf,-98.26087721788024,-65.6541153680118,1.4924929151415674e-10,1.6391643772150364e-07,9.295759962349221e-12,7.801597992870249e-06
513,14.0,0.7,287.500021633784,-1.5684268629585238e-06,-inf,-99.43356682308033,-67.75334295841664,1.1393136947113373e-10,1.5746623852116207e-07,7.096038125480311e-12,6.4613377652992355e-06
513,14.0,0.75,287.499978366216,-7.205222619938795e-07,-inf,-100.1241857672165,-68.9175709958671,9.718101333757228e-11,1.5604761995420569e-07,6.052768249142694e-12,5.841702591935682e-06
513,14.0,0.8,287.50002163378394,-1.4922235744981484e-06,-inf,-100.89658778265,-70.12207101383854,8.134694016141215e-11,1.5371968809318504e-07,5.06656763151433e-12,5.251133730813043e-06
513,14.0,0.85,287.500021633784,-5.262870809043812e-07,-inf,-101.74769891932326,-71.30836427992635,6.686981290165625e-11,1.490360929747179e-07,4.1648822795385825e-12,4.827210642832019e-06
513,14.0,0.9,287.500021633784,-1.6697686281197863e-06,-inf,-102.64314439901577,-72.38796112259425,5.4410856219353854e-11,1.4526139854277141e-07,3.388895542683591e-12,4.462757855925686e-06
513,14.0,0.95,287.500021633784,-1.3938086711011102e-06,-inf,-103.4789645236535,-73.24239433111705,4.488523958139487e-11,1.4166513603648534e-07,2.7956073276341568e-12,4.213993293532751e-06
1025,6.0,0.5,543.499978366216,0.00012100318804618559,-inf,-97.28047417366722,-64.05798598064051,1.8704779057219283e-10,1.94213247523092e-07,1.1623360772502349e-11,9.384330030303206e-06
1025,6.0,0.6,543.499978366216,0.0001104620897823332,-inf,-98.25248080870637,-65.90269671219151,1.4953812094834676e-10,1.8968142817353803e-07,9.292467575840604e-12,7.940749218299344e-06
1025,6.0,0.7,543.499978366216,2.3999646671270987e-05,-inf,-99.50865783109397,-68.22919082565048,1.1197838945201836e-10,1.7733840095296828e-07,6.958463477932555e-12,6.605828834155268e-06
1025,6.0,0.75,543.500021633784,-2.8885035144348215e-05,-inf,-100.2448983759532,-69.42112952788226,9.451705089842858e-11,1.717826771149515e-07,5.873396196686887e-12,6.020044417130386e-06
1025,6.0,0.8,543.500021633784,-7.662148787977053e-05,-inf,-101.05342162271242,-70.50450369491577,7.846172242752528e-11,1.7127745150797254e-07,4.875699968533307e-12,5.6610493781452965e-06
1025,6.0,0.85,543.500021633784,-0.00010952715776853028,-inf,-101.93638047914934,-71.5523864509357,6.402682290330854e-11,1.6645241128367562e-07,3.978699023632883e-12,5.268306738113607e-06
1025,6.0,0.9,543.500021633784,-0.00012388041925321527,-inf,-102.8676774553013,-72.49434517554779,5.166926152109316e-11,1.6401961063607584e-07,3.2107862149627672e-12,4.977158424641203e-06
1025,6.0,0.95,543.500021633784,-0.00011595671802439165,-inf,-103.7364104189307,-73.23276104358581,4.230181076394749e-11,1.5874346547041147e-07,2.6286822546012e-12,4.692134259947e-06
1025,8.0,0.5,543.499978366216,1.7871981126667647e-05,-inf,-97.31484863387124,-64.16594609272623,1.8557314867453647e-10,1.846368070277394e-07,1.15317248609833e-11,9.22665618926829e-06
1025,8.0,0.6,543.499978366216,1.5956834511431767e-05,-inf,-98.28679774441778,-66.02232723622022,1.4836116179174537e-10,1.8211645986573343e-07,9.219330005758491e-12,7.911652119354221e-06
1025,8.0,0.7,543.499978366216,3.010585867074431e-06,-inf,-99.50293088174996,-68.2358790027125,1.1212615038554524e-10,1.743830490309183e-07,6.9676455090766326e-12,6.668638556602336e-06
1025,8.0,0.75,543.500021633784,-5.1497089690142435e-06,-inf,-100.23557685026475,-69.43357565126018,9.472013644283602e-11,1.6991753118239324e-07,5.886016161579853e-12,6.161139517622925e-06
1025,8.0,0.8,543.500021633784,-1.2394454136846572e-05,-inf,-101.06813609516604,-70.63279582023198,7.81963335565717e-11,1.65187995151067e-07,4.859208404625152e-12,5.575923135176076e-06
1025,8.0,0.85,543.500021633784,-1.7604555919631478e-05,-inf,-101.9975267605208,-71.79462120731883,6.31316767200524e-11,1.6002398777102787e-07,3.923073629714643e-12,5.087276327693807e-06
1025,8.0,0.9,543.500021633784,-2.018723911235321e-05,-inf,-102.97602333224395,-72.81769222016506,5.039618560966478e-11,1.5268047027125224e-07,3.1316758412767272e-12,4.774418842658094e-06
1025,8.0,0.95,543.500021633784,-1.894603337611253e-05,-inf,-103.8554864468838,-73.57241210968465,4.1157724455694234e-11,1.447965907825898e-07,2.5575874404094474e-12,4.59416146194347e-06
1025,10.0,0.5,543.500021633784,1.2540541438297414e-06,-inf,-97.3132832133848,-64.15368422965707,1.8564005083024688e-10,1.8145053474513153e-07,1.1535882236432116e-11,9.269701968522903e-06
1025,10.0,0.6,543.499978366216,1.5418568526540557e-06,-inf,-98.28422111616273,-66.01723175531922,1.4844920918788978e-10,1.7758479687951e-07,9.22480137030835e-12,7.92822465114967e-06
1025,10.0,0.7,543.500021633784,-8.563720161094393e-07,-inf,-99.49625531627089,-68.19476147669522,1.1229863266448603e-10,1.71541898120638e-07,6.978363752520509e-12,6.578087015052627e-06
1025,10.0,0.75,543.499978366216,-1.891023125539674e-06,-inf,-100.22530940413702,-69.3880485299819,9.494433556610447e-11,1.6845134661440148e-07,5.899948148087985e-12,6.02417567939787e-06
1025,10.0,0.8,543.500021633784,-3.063262280189244e-06,-inf,-101.05423399845239,-70.62151426167868,7.844704703068779e-11,1.6222397660114294e-07,4.874788022813981e-12,5.467151798416061e-06
1025,10.0,0.85,543.500021633784,-4.612783677870955e-06,-inf,-101.97844987055878,-71.80173790207799,6.340959990684314e-11,1.5730921391659624e-07,3.9403440901527505e-12,5.151696074394893e-06
1025,10.0,0.9,543.500021633784,-3.853044849509261e-06,-inf,-102.95274158444835,-72.84217513373123,5.0667075965229873e-11,1.5120110287211225e-07,3.1485092736465644e-12,4.848381103271638e-06
1025,10.0,0.95,543.500021633784,-4.067050923739408e-06,-inf,-103.82990289697265,-73.6102220894136,4.1400893145844904e-11,1.4643911029908176e-07,2.5726982172090652e-12,4.613760120205689e-06
1025,12.0,0.5,543.500021633784,-5.682690990925189e-07,-inf,-97.31123489410922,-64.1350012657372,1.857276273009418e-10,1.8006988181688484e-07,1.1541324337143146e-11,9.30862995033656e-06
1025,12.0,0.6,543.500021633784,-6.119420021695216e-07,-inf,-98.28088991997372,-65.98369226202813,1.4856311879620705e-10,1.7643599077606288e-07,9.231879841905772e-12,7.980607357471807e-06
1025,12.0,0.7,543.499978366216,-1.4475679891773242e-06,-inf,-99.4899072720835,-68.1725743267449,1.1246289861047172e-10,1.69549482795614e-07,6.988571423763177e-12,6.626099286873238e-06
1025,12.0,0.75,543.499978366216,-1.6182098436040447e-06,-inf,-100.21670804980437,-69.35625011858905,9.51325624817428e-11,1.6578924053057863e-07,5.911644781022632e-12,5.9391387463001344e-06
1025,12.0,0.8,543.499978366216,-1.355728035912638e-06,-inf,-101.04056447359471,-70.5725860151147,7.869435001855294e-11,1.6232463110080836e-07,4.890155709538754e-12,5.631346919676498e-06
1025,12.0,0.85,543.499978366216,-2.5155888906812278e-06,-inf,-101.95993428996562,-71.75343659880149,6.368051558846144e-11,1.559696587085725e-07,3.9571790963121116e-12,5.2450684969616535e-06
1025,12.0,0.9,543.499978366216,-1.6965392798900223e-06,-inf,-102.92884189909478,-72.79792617037182,5.0946670865604405e-11,1.5109619684479529e-07,3.165883616253144e-12,4.810170392307259e-06
1025,12.0,0.95,543.499978366216,-2.1157457936356782e-06,-inf,-103.80724242566248,-73.57006358351182,4.161747788561383e-11,1.4457737030935973e-07,2.5861570373344018e-12,4.5849208328049855e-06
1025,14.0,0.5,543.500021633784,-1.5732803249397683e-06,-inf,-97.30899969866049,-64.11511975157144,1.8582324085646148e-10,1.8166538508090443e-07,1.1547265871374303e-11,9.365307223155591e-06
1025,14.0,0.6,543.499978366216,-1.2840737999131016e-06,-inf,-98.27759650362877,-65.97045037789644,1.4867582245482454e-10,1.7696932085838115e-07,9.238883374428048e-12,7.921109944873524e-06
1025,14.0,0.7,543.499978366216,-1.182573151815235e-06,-inf,-99.48499745590875,-68.14385701909836,1.1259011284461159e-10,1.6619037414004108e-07,6.996476659822271e-12,6.689958324939603e-06
1025,14.0,0.75,543.499978366216,-1.3929999483491506e-06,-inf,-100.20851909396194,-69.32584222182666,9.531211145464147e-11,1.6460245979134853e-07,5.922802156803171e-12,6.010197939358934e-06
1025,14.0,0.8,543.499978366216,-1.4073804878696203e-06,-inf,-101.02857470558328,-70.54094182275036,7.891190530846093e-11,1.6093807927194732e-07,4.9036748407449086e-12,5.635719473564088e-06
1025,14.0,0.85,543.499978366216,-1.126034587328801e-06,-inf,-101.94439778396149,-71.72280660229421,6.390873504865424e-11,1.5279749181573762e-07,3.971360911093307e-12,5.0567763547229045e-06
1025,14.0,0.9,543.499978366216,-2.140338338116979e-06,-inf,-102.90975283685896,-72.77106450726671,5.117109569069807e-11,1.459099237082066e-07,3.1798296281273796e-12,4.7221943972132805e-06
1025,14.0,0.95,543.499978366216,-1.983119558984497e-06,-inf,-103.78616763488131,-73.54992836686145,4.181992373804508e-11,1.4234996926041543e-07,2.598737251046132e-12,4.622145710874839e-06
